Username,Password,Password after MD5,GUID,Register IP,Last Login IP,Security Question
user1,123456,e4da3b7fbbce2345d7772b0674a318d5,20055709-2745-2187-5178-740386362190,150.99.43.64,40.85.216.2,What is your cat's name?
user2,welcome,e99a18c428cb38d5f260853678922e03,34635305-2811-1300-4527-545681420738,22.180.240.117,149.104.182.21,What is your cat's name?
user3,qwerty,5f4dcc3b5aa765d61d8327deb882cf99,82304960-8811-4280-7811-614146874999,146.164.33.213,204.113.148.125,What is your cat's name?
user4,qwerty,c4ca4238a0b923820dcc509a6f75849b,75562414-5046-9305-4634-598997856813,74.131.137.185,51.122.107.216,What is your cat's name?
user5,admin,c81e728d9d4c2f636f067f89cc14862c,34729098-9753-7901-3094-588844844139,32.222.56.208,23.173.237.71,What is your cat's name?
user6,uale4eiSh,a87ff679a2f3e71d9181a67b7542122c,31679261-2118-8581-1474-977148889614,223.223.233.120,71.61.18.240,What is your cat's name?
user7,password1,c81e728d9d4c2f636f067f89cc14862c,21163841-5443-2180-7814-341677354150,62.109.180.143,125.186.6.25,What is your cat's name?
user8,123456,b1946ac92492d2347c6235b4d2611184,61370967-8920-5301-9159-203797128990,5.172.236.53,241.76.69.232,What is your cat's name?
user9,qwerty,eccbc87e4b5ce2fe28308fd9f2a7baf3,16782894-9214-1092-6076-312644917030,88.9.76.212,174.235.185.137,What is your cat's name?
user10,letmein,a9340c31cd171b8d398585739ddf826e,62676322-8146-4582-5257-343126537949,154.3.207.250,102.191.3.211,What is your cat's name?
user11,letmein,b1946ac92492d2347c6235b4d2611184,68252646-2146-3965-5271-492076734870,232.64.56.235,113.57.46.235,What is your cat's name?
user12,welcome,098f6bcd4621d373cade4e832627b4f6,91239283-6030-4661-1401-294074577709,132.232.249.132,212.76.19.195,What is your cat's name?
user13,iloveyou,c81e728d9d4c2f636f067f89cc14862c,30746798-9648-5540-8321-290049822913,176.220.9.85,126.60.130.148,What is your cat's name?
user14,dragon,5f4dcc3b5aa765d61d8327deb882cf99,89899782-7221-4725-4244-795802806724,16.211.5.170,166.240.158.122,What is your cat's name?
user15,admin,a9340c31cd171b8d398585739ddf826e,41416285-5192-3826-3085-953109123357,118.23.64.253,17.155.211.208,What is your cat's name?
user16,password1,5f4dcc3b5aa765d61d8327deb882cf99,87710753-7664-7641-9274-791117967590,126.124.82.11,142.238.110.35,What is your cat's name?
user17,123456,5f4dcc3b5aa765d61d8327deb882cf99,39265751-2808-7722-7431-118458555886,197.112.193.13,215.158.161.218,What is your cat's name?
user18,welcome,a87ff679a2f3e71d9181a67b7542122c,26113452-7623-5826-4024-553537894437,225.228.134.68,28.178.35.165,What is your cat's name?
user19,iloveyou,b1946ac92492d2347c6235b4d2611184,44541373-3085-9682-8623-710859802631,167.96.233.215,228.175.214.251,What is your cat's name?
user20,password1,eccbc87e4b5ce2fe28308fd9f2a7baf3,89852847-3340-8823-1733-503089763397,146.20.92.46,66.225.90.252,What is your cat's name?
user21,qwerty,eccbc87e4b5ce2fe28308fd9f2a7baf3,28505314-3153-1942-8646-456901623944,183.138.3.16,54.105.19.209,What is your cat's name?
user22,uale4eiSh,eccbc87e4b5ce2fe28308fd9f2a7baf3,71993632-6451-4731-1566-145321042360,131.230.29.54,30.98.243.108,What is your cat's name?
user23,monkey,a9340c31cd171b8d398585739ddf826e,14173055-4372-4288-5828-865446330501,198.253.14.125,204.3.175.63,What is your cat's name?
user24,password1,e99a18c428cb38d5f260853678922e03,19913139-5846-2501-4443-627119309789,108.238.94.205,41.163.87.46,What is your cat's name?
user25,123456,c4ca4238a0b923820dcc509a6f75849b,53165825-7043-5013-4577-501907720430,158.209.63.161,65.87.127.73,What is your cat's name?
user26,iloveyou,5f4dcc3b5aa765d61d8327deb882cf99,97275985-6241-6294-4881-793101242884,51.125.55.183,152.47.215.71,What is your cat's name?
user27,dragon,c81e728d9d4c2f636f067f89cc14862c,92687828-8056-2596-5815-247621642338,110.192.3.187,77.72.240.108,What is your cat's name?
user28,123456,c81e728d9d4c2f636f067f89cc14862c,75925531-4990-9133-9117-177672616666,22.9.20.87,103.213.62.203,What is your cat's name?
user29,iloveyou,c81e728d9d4c2f636f067f89cc14862c,12266798-2824-6719-4764-760333674315,144.122.6.122,23.151.24.87,What is your cat's name?
user30,password1,eccbc87e4b5ce2fe28308fd9f2a7baf3,30568199-9528-1284-7879-893501654483,144.104.215.8,49.233.224.229,What is your cat's name?
user31,123456,e4da3b7fbbce2345d7772b0674a318d5,43105332-3129-1289-6836-918415044764,219.141.169.197,243.115.100.225,What is your cat's name?
user32,iloveyou,a87ff679a2f3e71d9181a67b7542122c,33022560-4053-5747-1591-802074496881,3.120.170.115,116.57.121.86,What is your cat's name?
user33,123456,c81e728d9d4c2f636f067f89cc14862c,79877009-9206-7592-6701-295712761115,244.211.69.195,196.106.229.128,What is your cat's name?
user34,admin,c4ca4238a0b923820dcc509a6f75849b,16447252-5567-9831-1729-566904267609,119.37.200.26,234.40.56.111,What is your cat's name?
user35,dragon,b1946ac92492d2347c6235b4d2611184,52694331-6970-7877-9507-965707422772,41.7.121.143,133.117.190.250,What is your cat's name?
user36,admin,a87ff679a2f3e71d9181a67b7542122c,77694113-6262-6643-6159-204276338338,194.175.169.88,216.6.241.139,What is your cat's name?
user37,dragon,a87ff679a2f3e71d9181a67b7542122c,70518565-7099-3316-5131-911354064857,14.64.50.139,3.150.217.40,What is your cat's name?
user38,welcome,e4da3b7fbbce2345d7772b0674a318d5,10058392-9792-8020-1045-802612355522,234.102.130.176,209.202.128.150,What is your cat's name?
user39,welcome,c4ca4238a0b923820dcc509a6f75849b,18172017-7133-2596-7703-247668598491,241.250.124.105,206.44.144.48,What is your cat's name?
user40,password1,c4ca4238a0b923820dcc509a6f75849b,67584159-8829-5962-4468-206542640703,212.39.118.107,183.245.60.42,What is your cat's name?
user41,monkey,a87ff679a2f3e71d9181a67b7542122c,89584079-5755-2103-5913-164466178848,68.99.103.136,139.252.210.243,What is your cat's name?
user42,welcome,e4da3b7fbbce2345d7772b0674a318d5,11259638-2964-9660-5892-414950375157,144.231.138.231,17.219.250.164,What is your cat's name?
user43,admin,c4ca4238a0b923820dcc509a6f75849b,81755932-3242-7619-1598-676973083336,189.134.206.150,93.9.128.178,What is your cat's name?
user44,qwerty,c81e728d9d4c2f636f067f89cc14862c,36242625-3896-4772-2514-947847731231,159.193.226.96,167.247.114.195,What is your cat's name?
user45,monkey,c81e728d9d4c2f636f067f89cc14862c,60747760-2288-5087-5382-148083455775,208.206.102.15,201.91.94.63,What is your cat's name?
user46,welcome,a9340c31cd171b8d398585739ddf826e,25516448-1851-9678-9951-993827489101,116.69.137.150,68.175.47.163,What is your cat's name?
user47,welcome,a87ff679a2f3e71d9181a67b7542122c,73443342-2093-8398-7538-334414094966,77.206.165.152,219.132.38.32,What is your cat's name?
user48,dragon,e4da3b7fbbce2345d7772b0674a318d5,89918835-7775-8143-8693-783368678194,34.36.165.67,121.63.220.54,What is your cat's name?
user49,uale4eiSh,e99a18c428cb38d5f260853678922e03,39263522-7958-1150-1032-996460734909,229.115.118.111,174.23.133.55,What is your cat's name?
user50,admin,e99a18c428cb38d5f260853678922e03,17571440-6670-9644-8557-102774730840,17.81.172.45,145.205.54.251,What is your cat's name?
